Topic,Documents,Words
Topic 00,NaN,NaN
Topic 01,NaN,NaN
Topic 02,NaN,NaN
Topic 03,NaN,NaN
Topic 04,NaN,NaN
Topic 05,NaN,NaN
Topic 06,NaN,NaN
Topic 07,NaN,NaN
Topic 08,NaN,NaN
Topic 09,NaN,NaN
Topic 10,NaN,NaN
Topic 11,NaN,NaN
Topic 12,NaN,NaN
Topic 13,NaN,NaN
Topic 14,NaN,NaN
Topic 15,NaN,NaN
Topic 16,NaN,NaN
Topic 17,NaN,NaN
Topic 18,NaN,NaN
Topic 19,NaN,NaN
Topic 20,NaN,NaN
Topic 21,NaN,NaN
Topic 22,NaN,NaN
Topic 23,NaN,NaN
Topic 24,NaN,NaN
Topic 25,NaN,NaN
Topic 26,NaN,NaN
Topic 27,NaN,NaN
Topic 28,NaN,NaN
Topic 29,NaN,NaN
